SYMBOL,,,
20MICRONS,,,
21STCENMGM,,,
360ONE,,,
3IINFOLTD,,,
3MINDIA,,,
3PLAND,,,
4THDIM,,,
5PAISA,,,
63MOONS,,,
A2ZINFRA,,,
AAATECH,,,
AAKASH,,,
AAREYDRUGS,,,
AARON,,,
AARTIDRUGS,,,
AARTIIND,,,
AARTIPHARM,,,
AARTISURF,,,
AARVEEDEN,,,
AARVI,,,
AAVAS,,,
ABAN,,,
ABB,,,
ABBOTINDIA,,,
ABCAPITAL,,,
ABFRL,,,
ABMINTLLTD,,,
ABSLAMC,,,
ACC,,,
ACCELYA,,,
ACCURACY,,,
ACE,,,
ACEINTEG,,,
ACI,,,
ACL,,,
ADANIENT,,,
ADANIGREEN,,,
ADANIPORTS,,,
ADANIPOWER,,,
ADANITRANS,,,
ADFFOODS,,,
ADL,,,
ADORWELD,,,
ADROITINFO,,,
ADSL,,,
ADVANIHOTR,,,
ADVENZYMES,,,
AEGISCHEM,,,
AETHER,,,
AFFLE,,,
AGARIND,,,
AGI,,,
AGRITECH,,,
AGROPHOS,,,
AGSTRA,,,
AHL,,,
AHLADA,,,
AHLEAST,,,
AHLUCONT,,,
AIAENG,,,
AIRAN,,,
AIROLAM,,,
AJANTPHARM,,,
AJMERA,,,
AJOONI,,,
AKASH,,,
AKG,,,
AKI,,,
AKSHAR,,,
AKSHARCHEM,,,
AKSHOPTFBR,,,
AKZOINDIA,,,
ALANKIT,,,
ALBERTDAVD,,,
ALEMBICLTD,,,
ALICON,,,
ALKALI,,,
ALKEM,,,
ALKYLAMINE,,,
ALLCARGO,,,
ALLSEC,,,
ALMONDZ,,,
ALOKINDS,,,
ALPA,,,
ALPHAGEO,,,
ALPSINDUS,,,
AMARAJABAT,,,
AMBER,,,
AMBICAAGAR,,,
AMBIKCO,,,
AMBUJACEM,,,
AMDIND,,,
AMIORG,,,
AMJLAND,,,
AMRUTANJAN,,,
ANANDRATHI,,,
ANANTRAJ,,,
ANDHRAPAP,,,
ANDHRSUGAR,,,
ANDREWYU,,,
ANGELONE,,,
ANIKINDS,,,
ANKITMETAL,,,
ANMOL,,,
ANSALAPI,,,
ANTGRAPHIC,,,
ANUP,,,
ANURAS,,,
APARINDS,,,
APCL,,,
APCOTEXIND,,,
APEX,,,
APLAPOLLO,,,
APLLTD,,,
APOLLO,,,
APOLLOHOSP,,,
APOLLOPIPE,,,
APOLLOTYRE,,,
APOLSINHOT,,,
APTECHT,,,
APTUS,,,
ARCHIDPLY,,,
ARCHIES,,,
ARENTERP,,,
ARIES,,,
ARIHANTCAP,,,
ARIHANTSUP,,,
ARMANFIN,,,
AROGRANITE,,,
ARROWGREEN,,,
ARSHIYA,,,
ARTEMISMED,,,
ARTNIRMAN,,,
ARVEE,,,
ARVIND,,,
ARVINDFASN,,,
ARVSMART,,,
ASAHIINDIA,,,
ASAHISONG,,,
ASAL,,,
ASALCBR,,,
ASHAPURMIN,,,
ASHIANA,,,
ASHIMASYN,,,
ASHOKA,,,
ASHOKLEY,,,
ASIANENE,,,
ASIANHOTNR,,,
ASIANPAINT,,,
ASIANTILES,,,
ASMS,,,
ASPINWALL,,,
ASTEC,,,
ASTERDM,,,
ASTRAL,,,
ASTRAMICRO,,,
ASTRAZEN,,,
ASTRON,,,
ATALREAL,,,
ATAM,,,
ATFL,,,
ATGL,,,
ATLANTA,,,
ATUL,,,
ATULAUTO,,,
AUBANK,,,
AURIONPRO,,,
AUROPHARMA,,,
AURUM,,,
AUSOMENT,,,
AUTOAXLES,,,
AUTOIND,,,
AVADHSUGAR,,,
AVALON,,,
AVANTIFEED,,,
AVG,,,
AVONMORE,,,
AVROIND,,,
AVTNPL,,,
AWHCL,,,
AWL,,,
AXISBANK,,,
AXISCADES,,,
AXITA,,,
AYMSYNTEX,,,
BAFNAPH,,,
BAGFILMS,,,
BAIDFIN,,,
BAJAJ-AUTO,,,
BAJAJCON,,,
BAJAJELEC,,,
BAJAJFINSV,,,
BAJAJHCARE,,,
BAJAJHIND,,,
BAJAJHLDNG,,,
BAJFINANCE,,,
BALAJITELE,,,
BALAMINES,,,
BALAXI,,,
BALKRISHNA,,,
BALKRISIND,,,
BALLARPUR,,,
BALMLAWRIE,,,
BALPHARMA,,,
BALRAMCHIN,,,
BANARBEADS,,,
BANARISUG,,,
BANCOINDIA,,,
BANDHANBNK,,,
BANG,,,
BANKA,,,
BANKBARODA,,,
BANKINDIA,,,
BANSWRAS,,,
BARBEQUE,,,
BASF,,,
BASML,,,
BATAINDIA,,,
BAYERCROP,,,
BBL,,,
BBOX,,,
BBTC,,,
BBTCL,,,
BCG,,,
BCLIND,,,
BCONCEPTS,,,
BDL,,,
BEARDSELL,,,
BECTORFOOD,,,
BEDMUTHA,,,
BEL,,,
BEML,,,
BEPL,,,
BERGEPAINT,,,
BESTAGRO,,,
BFINVEST,,,
BFUTILITIE,,,
BGRENERGY,,,
BHAGCHEM,,,
BHAGERIA,,,
BHAGYANGR,,,
BHANDARI,,,
BHARATFORG,,,
BHARATGEAR,,,
BHARATRAS,,,
BHARATWIRE,,,
BHARTIARTL,,,
BHEL,,,
BIGBLOC,,,
BIKAJI,,,
BIL,,,
BINANIIND,,,
BIOCON,,,
BIOFILCHEM,,,
BIRLACABLE,,,
BIRLACORPN,,,
BIRLAMONEY,,,
BIRLATYRE,,,
BLAL,,,
BLBLIMITED,,,
BLISSGVS,,,
BLKASHYAP,,,
BLS,,,
BLUECOAST,,,
BLUEDART,,,
BLUESTARCO,,,
BODALCHEM,,,
BOHRAIND,,,
BOMDYEING,,,
BOROLTD,,,
BORORENEW,,,
BOSCHLTD,,,
BPCL,,,
BPL,,,
BRIGADE,,,
BRITANNIA,,,
BRNL,,,
BROOKS,,,
BSE,,,
BSHSL,,,
BSL,,,
BSOFT,,,
BTML,,,
BURNPUR,,,
BUTTERFLY,,,
BVCL,,,
BYKE,,,
CALSOFT,,,
CAMLINFINE,,,
CAMPUS,,,
CAMS,,,
CANBK,,,
CANFINHOME,,,
CANTABIL,,,
CAPACITE,,,
CAPLIPOINT,,,
CAPTRUST,,,
CARBORUNIV,,,
CAREERP,,,
CARERATING,,,
CARTRADE,,,
CARYSIL,,,
CASTROLIND,,,
CCHHL,,,
CCL,,,
CDSL,,,
CEATLTD,,,
CELEBRITY,,,
CENTENKA,,,
CENTEXT,,,
CENTRALBK,,,
CENTRUM,,,
CENTUM,,,
CENTURYPLY,,,
CENTURYTEX,,,
CERA,,,
CEREBRAINT,,,
CESC,,,
CGCL,,,
CGPOWER,,,
CHALET,,,
CHAMBLFERT,,,
CHEMBOND,,,
CHEMCON,,,
CHEMFAB,,,
CHEMPLASTS,,,
CHENNPETRO,,,
CHEVIOT,,,
CHOICEIN,,,
CHOLAFIN,,,
CHOLAHLDNG,,,
CIGNITITEC,,,
CINELINE,,,
CINEVISTA,,,
CIPLA,,,
CLEAN,,,
CLEDUCATE,,,
CLSEL,,,
CMSINFO,,,
COALINDIA,,,
COASTCORP,,,
COCHINSHIP,,,
COFFEEDAY,,,
COFORGE,,,
COLPAL,,,
COMPINFO,,,
COMPUSOFT,,,
CONCOR,,,
CONFIPET,,,
CONSOFINVT,,,
CONTROLPR,,,
CORALFINAC,,,
CORDSCABLE,,,
COROMANDEL,,,
COSMOFIRST,,,
COUNCODOS,,,
CRAFTSMAN,,,
CREATIVE,,,
CREATIVEYE,,,
CREDITACC,,,
CREST,,,
CRISIL,,,
CROMPTON,,,
CROWN,,,
CSBBANK,,,
CSLFINANCE,,,
CTE,,,
CUB,,,
CUBEXTUB,,,
CUMMINSIND,,,
CUPID,,,
CYBERMEDIA,,,
CYBERTECH,,,
CYIENT,,,
DAAWAT,,,
DABUR,,,
DALBHARAT,,,
DALMIASUG,,,
DAMODARIND,,,
DANGEE,,,
DATAMATICS,,,
DATAPATTNS,,,
DBCORP,,,
DBL,,,
DBOL,,,
DBREALTY,,,
DBSTOCKBRO,,,
DCAL,,,
DCBBANK,,,
DCI,,,
DCM,,,
DCMFINSERV,,,
DCMNVL,,,
DCMSHRIRAM,,,
DCMSRIND,,,
DCW,,,
DCXINDIA,,,
DECCANCE,,,
DEEPAKFERT,,,
DEEPAKNTR,,,
DEEPENR,,,
DEEPINDS,,,
DELHIVERY,,,
DELPHIFX,,,
DELTACORP,,,
DELTAMAGNT,,,
DEN,,,
DENORA,,,
DEVIT,,,
DEVYANI,,,
DGCONTENT,,,
DHAMPURSUG,,,
DHANBANK,,,
DHANI,,,
DHANUKA,,,
DHARMAJ,,,
DHARSUGAR,,,
DHRUV,,,
DHUNINV,,,
DIAMONDYD,,,
DICIND,,,
DIGISPICE,,,
DIGJAMLMTD,,,
DIL,,,
DISHTV,,,
DIVGIITTS,,,
DIVISLAB,,,
DIXON,,,
DJML,,,
DLF,,,
DLINKINDIA,,,
DMART,,,
DMCC,,,
DNAMEDIA,,,
DODLA,,,
DOLATALGO,,,
DOLLAR,,,
DONEAR,,,
DPABHUSHAN,,,
DPSCLTD,,,
DPWIRES,,,
DRCSYSTEMS,,,
DREAMFOLKS,,,
DREDGECORP,,,
DRREDDY,,,
DSSL,,,
DTIL,,,
DUCON,,,
DVL,,,
DWARKESH,,,
DYCL,,,
DYNAMATECH,,,
DYNPRO,,,
E2E,,,
EASEMYTRIP,,,
ECLERX,,,
EDELWEISS,,,
EICHERMOT,,,
EIDPARRY,,,
EIFFL,,,
EIHAHOTELS,,,
EIHOTEL,,,
EIMCOELECO,,,
EKC,,,
ELDEHSG,,,
ELECON,,,
ELECTCAST,,,
ELECTHERM,,,
ELGIEQUIP,,,
ELGIRUBCO,,,
ELIN,,,
EMAMILTD,,,
EMAMIPAP,,,
EMAMIREAL,,,
EMIL,,,
EMKAY,,,
EMMBI,,,
EMUDHRA,,,
ENDURANCE,,,
ENERGYDEV,,,
ENGINERSIN,,,
ENIL,,,
EPL,,,
EQUITASBNK,,,
ERIS,,,
EROSMEDIA,,,
ESABINDIA,,,
ESCORTS,,,
ESSARSHPNG,,,
ESSENTIA,,,
ESTER,,,
ETHOSLTD,,,
EUROTEXIND,,,
EVEREADY,,,
EVERESTIND,,,
EXCEL,,,
EXCELINDUS,,,
EXIDEIND,,,
EXPLEOSOL,,,
EXXARO,,,
FACT,,,
FAIRCHEMOR,,,
FAZE3Q,,,
FCL,,,
FCONSUMER,,,
FCSSOFT,,,
FDC,,,
FEDERALBNK,,,
FIBERWEB,,,
FIEMIND,,,
FILATEX,,,
FINCABLES,,,
FINEORG,,,
FINOPB,,,
FINPIPE,,,
FIVESTAR,,,
FLEXITUFF,,,
FLFL,,,
FLUOROCHEM,,,
FMGOETZE,,,
FMNL,,,
FOCUS,,,
FOODSIN,,,
FORCEMOT,,,
FORTIS,,,
FOSECOIND,,,
FSL,,,
FUSION,,,
GABRIEL,,,
GAEL,,,
GAIL,,,
GAL,,,
GALAXYSURF,,,
GALLANTT,,,
GANDHITUBE,,,
GANECOS,,,
GANESHBE,,,
GANESHHOUC,,,
GANGAFORGE,,,
GANGESSECU,,,
GARFIBRES,,,
GATEWAY,,,
GATI,,,
GAYAHWS,,,
GEECEE,,,
GEEKAYWIRE,,,
GENCON,,,
GENESYS,,,
GENUSPAPER,,,
GENUSPOWER,,,
GEOJITFSL,,,
GEPIL,,,
GESHIP,,,
GET&D,,,
GFLLIMITED,,,
GHCL,,,
GICHSGFIN,,,
GICRE,,,
GILLANDERS,,,
GILLETTE,,,
GINNIFILA,,,
GIPCL,,,
GISOLUTION,,,
GKWLIMITED,,,
GLAND,,,
GLAXO,,,
GLENMARK,,,
GLFL,,,
GLOBAL,,,
GLOBALVECT,,,
GLOBE,,,
GLOBUSSPR,,,
GLS,,,
GMBREW,,,
GMDCLTD,,,
GMMPFAUDLR,,,
GMRINFRA,,,
GMRP&UI,,,
GNA,,,
GNFC,,,
GOACARBON,,,
GOCLCORP,,,
GOCOLORS,,,
GODFRYPHLP,,,
GODHA,,,
GODHA-RE,,,
GODREJAGRO,,,
GODREJCP,,,
GODREJIND,,,
GODREJPROP,,,
GOKEX,,,
GOKUL,,,
GOKULAGRO,,,
GOLDIAM,,,
GOLDTECH,,,
GOODLUCK,,,
GOODYEAR,,,
GOYALALUM,,,
GPIL,,,
GPPL,,,
GPTINFRA,,,
GRANULES,,,
GRAPHITE,,,
GRASIM,,,
GRAUWEIL,,,
GRAVITA,,,
GREAVESCOT,,,
GREENLAM,,,
GREENPANEL,,,
GREENPLY,,,
GREENPOWER,,,
GRINDWELL,,,
GRINFRA,,,
GRMOVER,,,
GROBTEA,,,
GRPLTD,,,
GRSE,,,
GRWRHITECH,,,
GSFC,,,
GSLSU,,,
GSPL,,,
GSS,,,
GTL,,,
GTLINFRA,,,
GTPL,,,
GUFICBIO,,,
GUJALKALI,,,
GUJAPOLLO,,,
GUJGASLTD,,,
GUJRAFFIA,,,
GULFOILLUB,,,
GULFPETRO,,,
GULPOLY,,,
GVKPIL,,,
HAL,,,
HAPPSTMNDS,,,
HARDWYN,,,
HARIOMPIPE,,,
HARRMALAYA,,,
HARSHA,,,
HATHWAY,,,
HATSUN,,,
HAVELLS,,,
HAVISHA,,,
HBLPOWER,,,
HBSL,,,
HCC,,,
HCG,,,
HCL-INSYS,,,
HCLTECH,,,
HDFC,,,
HDFCAMC,,,
HDFCBANK,,,
HDFCLIFE,,,
HEADSUP,,,
HECPROJECT,,,
HEG,,,
HEIDELBERG,,,
HEMIPROP,,,
HERANBA,,,
HERCULES,,,
HERITGFOOD,,,
HEROMOTOCO,,,
HESTERBIO,,,
HEUBACHIND,,,
HEXATRADEX,,,
HFCL,,,
HGINFRA,,,
HGS,,,
HIKAL,,,
HIL,,,
HILTON,,,
HIMATSEIDE,,,
HINDALCO,,,
HINDCOMPOS,,,
HINDCON,,,
HINDCOPPER,,,
HINDMOTORS,,,
HINDOILEXP,,,
HINDPETRO,,,
HINDUNILVR,,,
HINDWAREAP,,,
HINDZINC,,,
HIRECT,,,
HISARMETAL,,,
HITECH,,,
HITECHCORP,,,
HITECHGEAR,,,
HLEGLAS,,,
HLVLTD,,,
HMT,,,
HMVL,,,
HNDFDS,,,
HOMEFIRST,,,
HONAUT,,,
HONDAPOWER,,,
HOVS,,,
HPAL,,,
HPIL,,,
HPL,,,
HSCL,,,
HTMEDIA,,,
HUBTOWN,,,
HUDCO,,,
HUHTAMAKI,,,
HYBRIDFIN,,,
IBREALEST,,,
IBULHSGFIN,,,
ICDSLTD,,,
ICEMAKE,,,
ICICIBANK,,,
ICICIGI,,,
ICICIPRULI,,,
ICIL,,,
ICRA,,,
IDBI,,,
IDEA,,,
IDFC,,,
IDFCFIRSTB,,,
IEL,,,
IEX,,,
IFBAGRO,,,
IFBIND,,,
IFCI,,,
IFGLEXPOR,,,
IGARASHI,,,
IGL,,,
IGPL,,,
IIFL,,,
IIFLSEC,,,
IITL,,,
IL&FSENGG,,,
IL&FSTRANS,,,
IMAGICAA,,,
IMFA,,,
IMPAL,,,
IMPEXFERRO,,,
INCREDIBLE,,,
INDBANK,,,
INDHOTEL,,,
INDIACEM,,,
INDIAGLYCO,,,
INDIAMART,,,
INDIANB,,,
INDIANCARD,,,
INDIANHUME,,,
INDIGO,,,
INDIGOPNTS,,,
INDNIPPON,,,
INDOAMIN,,,
INDOBORAX,,,
INDOCO,,,
INDORAMA,,,
INDOSTAR,,,
INDOTECH,,,
INDOTHAI,,,
INDOWIND,,,
INDRAMEDCO,,,
INDSWFTLAB,,,
INDSWFTLTD,,,
INDTERRAIN,,,
INDUSINDBK,,,
INDUSTOWER,,,
INFIBEAM,,,
INFOBEAN,,,
INFOMEDIA,,,
INFY,,,
INGERRAND,,,
INOXGREEN,,,
INOXWIND,,,
INSECTICID,,,
INSPIRISYS,,,
INTELLECT,,,
INTENTECH,,,
INTLCONV,,,
INVENTURE,,,
IOB,,,
IOC,,,
IOLCP,,,
IONEXCHANG,,,
IPCALAB,,,
IPL,,,
IRB,,,
IRCON,,,
IRCTC,,,
IRFC,,,
IRIS,,,
IRISDOREME,,,
ISEC,,,
ISFT,,,
ISGEC,,,
ISMTLTD,,,
ITC,,,
ITDC,,,
ITDCEM,,,
ITI,,,
IVC,,,
IVP,,,
IWEL,,,
IZMO,,,
J&KBANK,,,
JAGRAN,,,
JAGSNPHARM,,,
JAIBALAJI,,,
JAICORPLTD,,,
JAIPURKURT,,,
JAMNAAUTO,,,
JASH,,,
JAYAGROGN,,,
JAYBARMARU,,,
JAYNECOIND,,,
JAYSREETEA,,,
JBCHEPHARM,,,
JBMA,,,
JCHAC,,,
JETAIRWAYS,,,
JETFREIGHT,,,
JHS,,,
JINDALPHOT,,,
JINDALPOLY,,,
JINDALSAW,,,
JINDALSTEL,,,
JINDRILL,,,
JINDWORLD,,,
JISLDVREQS,,,
JISLJALEQS,,,
JITFINFRA,,,
JKCEMENT,,,
JKIL,,,
JKLAKSHMI,,,
JKPAPER,,,
JKTYRE,,,
JMA,,,
JMFINANCIL,,,
JOCIL,,,
JPASSOCIAT,,,
JPOLYINVST,,,
JPPOWER,,,
JSL,,,
JSWENERGY,,,
JSWHL,,,
JSWISPL,,,
JSWSTEEL,,,
JTEKTINDIA,,,
JTLIND,,,
JUBLFOOD,,,
JUBLINDS,,,
JUBLINGREA,,,
JUBLPHARMA,,,
JUSTDIAL,,,
JWL,,,
JYOTHYLAB,,,
JYOTISTRUC,,,
KABRAEXTRU,,,
KAJARIACER,,,
KAKATCEM,,,
KALPATPOWR,,,
KALYANI,,,
KALYANIFRG,,,
KALYANKJIL,,,
KAMATHOTEL,,,
KAMDHENU,,,
KAMOPAINTS,,,
KANANIIND,,,
KANORICHEM,,,
KANPRPLA,,,
KANSAINER,,,
KAPSTON,,,
KARMAENG,,,
KARURVYSYA,,,
KAUSHALYA,,,
KAVVERITEL,,,
KAYA,,,
KAYNES,,,
KBCGLOBAL,,,
KCP,,,
KCPSUGIND,,,
KDDL,,,
KEC,,,
KECL,,,
KEEPLEARN,,,
KEI,,,
KELLTONTEC,,,
KENNAMET,,,
KERNEX,,,
KESORAMIND,,,
KEYFINSERV,,,
KFINTECH,,,
KHADIM,,,
KHAICHEM,,,
KHAITANLTD,,,
KHANDSE,,,
KICL,,,
KILITCH,,,
KIMS,,,
KINGFA,,,
KIOCL,,,
KIRIINDUS,,,
KIRLFER,,,
KIRLOSBROS,,,
KIRLOSENG,,,
KIRLOSIND,,,
KIRLPNU,,,
KITEX,,,
KKCL,,,
KMSUGAR,,,
KNRCON,,,
KOHINOOR,,,
KOKUYOCMLN,,,
KOLTEPATIL,,,
KOPRAN,,,
KOTAKBANK,,,
KOTARISUG,,,
KOTHARIPET,,,
KOTHARIPRO,,,
KOVAI,,,
KPIGREEN,,,
KPITTECH,,,
KPRMILL,,,
KRBL,,,
KREBSBIO,,,
KRIDHANINF,,,
KRISHANA,,,
KRITI,,,
KRITIKA,,,
KRITINUT,,,
KRSNAA,,,
KSB,,,
KSCL,,,
KSHITIJPOL,,,
KSL,,,
KSOLVES,,,
KTKBANK,,,
KUANTUM,,,
L&TFH,,,
LAGNAM,,,
LAKPRE,,,
LAL,,,
LALPATHLAB,,,
LAMBODHARA,,,
LANDMARK,,,
LAOPALA,,,
LASA,,,
LATENTVIEW,,,
LATTEYS,,,
LAURUSLABS,,,
LAXMICOT,,,
LAXMIMACH,,,
LCCINFOTEC,,,
LEMONTREE,,,
LEXUS,,,
LFIC,,,
LGBBROSLTD,,,
LGBFORGE,,,
LIBAS,,,
LIBERTSHOE,,,
LICHSGFIN,,,
LICI,,,
LIKHITHA,,,
LINC,,,
LINCOLN,,,
LINDEINDIA,,,
LODHA,,,
LOKESHMACH,,,
LOTUSEYE,,,
LOVABLE,,,
LOYALTEX,,,
LPDC,,,
LSIL,,,
LT,,,
LTIM,,,
LTTS,,,
LUMAXIND,,,
LUMAXTECH,,,
LUPIN,,,
LUXIND,,,
LXCHEM,,,
LYKALABS,,,
LYPSAGEMS,,,
M&M,,,
M&MFIN,,,
MAANALU,,,
MACPOWER,,,
MADHAV,,,
MADHUCON,,,
MADRASFERT,,,
MAGADSUGAR,,,
MAGNUM,,,
MAHABANK,,,
MAHAPEXLTD,,,
MAHASTEEL,,,
MAHEPC,,,
MAHESHWARI,,,
MAHINDCIE,,,
MAHLIFE,,,
MAHLOG,,,
MAHSCOOTER,,,
MAHSEAMLES,,,
MAITHANALL,,,
MALLCOM,,,
MALUPAPER,,,
MANAKALUCO,,,
MANAKCOAT,,,
MANAKSIA,,,
MANAKSTEEL,,,
MANALIPETC,,,
MANAPPURAM,,,
MANGALAM,,,
MANGCHEFER,,,
MANGLMCEM,,,
MANINDS,,,
MANINFRA,,,
MANKIND,,,
MANOMAY,,,
MANORAMA,,,
MANORG,,,
MANUGRAPH,,,
MANYAVAR,,,
MAPMYINDIA,,,
MARALOVER,,,
MARATHON,,,
MARICO,,,
MARINE,,,
MARKSANS,,,
MARSHALL,,,
MARUTI,,,
MASFIN,,,
MASKINVEST,,,
MASTEK,,,
MATRIMONY,,,
MAWANASUG,,,
MAXHEALTH,,,
MAXIND,,,
MAXVIL,,,
MAYURUNIQ,,,
MAZDA,,,
MAZDOCK,,,
MBAPL,,,
MBLINFRA,,,
MCDOWELL-N,,,
MCL,,,
MCLEODRUSS,,,
MCX,,,
MEDANTA,,,
MEDICAMEQ,,,
MEDICO,,,
MEDPLUS,,,
MEGASOFT,,,
MEGASTAR,,,
MELSTAR,,,
MENONBE,,,
MEP,,,
METROBRAND,,,
METROPOLIS,,,
MFL,,,
MFSL,,,
MGEL,,,
MGL,,,
MHLXMIRU,,,
MHRIL,,,
MICEL,,,
MIDHANI,,,
MINDACORP,,,
MINDTECK,,,
MIRCELECTR,,,
MIRZAINT,,,
MITCON,,,
MITTAL,,,
MMFL,,,
MMP,,,
MMTC,,,
MODIRUBBER,,,
MODISONLTD,,,
MOHITIND,,,
MOIL,,,
MOKSH,,,
MOL,,,
MOLDTECH,,,
MOLDTKPAC,,,
MONARCH,,,
MONTECARLO,,,
MORARJEE,,,
MOREPENLAB,,,
MOTHERSON,,,
MOTILALOFS,,,
MOTOGENFIN,,,
MPHASIS,,,
MPSLTD,,,
MRF,,,
MRO-TEK,,,
MRPL,,,
MSPL,,,
MSTCLTD,,,
MSUMI,,,
MTARTECH,,,
MTEDUCARE,,,
MTNL,,,
MUKANDLTD,,,
MUKTAARTS,,,
MUNJALAU,,,
MUNJALSHOW,,,
MURUDCERA,,,
MUTHOOTCAP,,,
MUTHOOTFIN,,,
NACLIND,,,
NAGAFERT,,,
NAGREEKCAP,,,
NAGREEKEXP,,,
NAHARCAP,,,
NAHARINDUS,,,
NAHARPOLY,,,
NAHARSPING,,,
NAM-INDIA,,,
NARMADA,,,
NATCOPHARM,,,
NATHBIOGEN,,,
NATIONALUM,,,
NAUKRI,,,
NAVA,,,
NAVINFLUOR,,,
NAVKARCORP,,,
NAVNETEDUL,,,
NAZARA,,,
NBCC,,,
NBIFIN,,,
NCC,,,
NCLIND,,,
NDGL,,,
NDL,,,
NDLVENTURE,,,
NDRAUTO,,,
NDTV,,,
NECCLTD,,,
NECLIFE,,,
NELCAST,,,
NELCO,,,
NEOGEN,,,
NESCO,,,
NESTLEIND,,,
NETWORK18,,,
NEULANDLAB,,,
NEWGEN,,,
NEXTMEDIA,,,
NFL,,,
NGIL,,,
NGLFINE,,,
NH,,,
NHPC,,,
NIACL,,,
NIBL,,,
NIITLTD,,,
NILAINFRA,,,
NILASPACES,,,
NILKAMAL,,,
NINSYS,,,
NIPPOBATRY,,,
NIRAJ,,,
NIRAJISPAT,,,
NITCO,,,
NITINSPIN,,,
NITIRAJ,,,
NKIND,,,
NLCINDIA,,,
NMDC,,,
NOCIL,,,
NOIDATOLL,,,
NORBTEAEXP,,,
NOVARTIND,,,
NRAIL,,,
NRBBEARING,,,
NRL,,,
NSIL,,,
NSLNISP,,,
NTPC,,,
NUCLEUS,,,
NURECA,,,
NUVOCO,,,
NYKAA,,,
OAL,,,
OBCL,,,
OBEROIRLTY,,,
OCCL,,,
OFSS,,,
OIL,,,
OILCOUNTUB,,,
OLECTRA,,,
OMAXAUTO,,,
OMAXE,,,
OMINFRAL,,,
OMKARCHEM,,,
ONELIFECAP,,,
ONEPOINT,,,
ONGC,,,
ONMOBILE,,,
ONWARDTEC,,,
OPTIEMUS,,,
ORBTEXP,,,
ORCHPHARMA,,,
ORICONENT,,,
ORIENTABRA,,,
ORIENTALTL,,,
ORIENTBELL,,,
ORIENTCEM,,,
ORIENTELEC,,,
ORIENTHOT,,,
ORIENTLTD,,,
ORIENTPPR,,,
ORISSAMINE,,,
ORTEL,,,
ORTINLAB,,,
OSIAHYPER,,,
OSWALAGRO,,,
OSWALGREEN,,,
OSWALSEEDS,,,
PAGEIND,,,
PAISALO,,,
PALASHSECU,,,
PALREDTEC,,,
PANACEABIO,,,
PANACHE,,,
PANAMAPET,,,
PANSARI,,,
PAR,,,
PARACABLES,,,
PARADEEP,,,
PARAGMILK,,,
PARAS,,,
PARASPETRO,,,
PARSVNATH,,,
PASUPTAC,,,
PATANJALI,,,
PATELENG,,,
PATINTLOG,,,
PAYTM,,,
PCBL,,,
PCJEWELLER,,,
PDMJEPAPER,,,
PDSL,,,
PEARLPOLY,,,
PEL,,,
PENIND,,,
PENINLAND,,,
PERSISTENT,,,
PETRONET,,,
PFC,,,
PFIZER,,,
PFOCUS,,,
PFS,,,
PGEL,,,
PGHH,,,
PGHL,,,
PGIL,,,
PHOENIXLTD,,,
PIDILITIND,,,
PIGL,,,
PIIND,,,
PILANIINVS,,,
PILITA,,,
PIONEEREMB,,,
PITTIENG,,,
PIXTRANS,,,
PKTEA,,,
PLASTIBLEN,,,
PNB,,,
PNBGILTS,,,
PNBHOUSING,,,
PNC,,,
PNCINFRA,,,
POCL,,,
PODDARHOUS,,,
PODDARMENT,,,
POKARNA,,,
POLICYBZR,,,
POLYCAB,,,
POLYMED,,,
POLYPLEX,,,
PONNIERODE,,,
POONAWALLA,,,
POWERGRID,,,
POWERINDIA,,,
POWERMECH,,,
PPAP,,,
PPL,,,
PPLPHARMA,,,
PRAENG,,,
PRAJIND,,,
PRAKASH,,,
PRAKASHSTL,,,
PRAXIS,,,
PRECAM,,,
PRECOT,,,
PRECWIRE,,,
PREMEXPLN,,,
PREMIERPOL,,,
PRESSMN,,,
PRESTIGE,,,
PRICOLLTD,,,
PRIMESECU,,,
PRINCEPIPE,,,
PRITI,,,
PRITIKAUTO,,,
PRIVISCL,,,
PROZONINTU,,,
PRSMJOHNSN,,,
PRUDENT,,,
PSB,,,
PSPPROJECT,,,
PTC,,,
PTL,,,
PUNJABCHEM,,,
PURVA,,,
PVP,,,
PVRINOX,,,
QUESS,,,
QUICKHEAL,,,
RACE,,,
RADAAN,,,
RADHIKAJWE,,,
RADIANTCMS,,,
RADICO,,,
RADIOCITY,,,
RAILTEL,,,
RAIN,,,
RAINBOW,,,
RAJESHEXPO,,,
RAJMET,,,
RAJRATAN,,,
RAJRILTD,,,
RAJSREESUG,,,
RAJTV,,,
RALLIS,,,
RAMANEWS,,,
RAMAPHO,,,
RAMASTEEL,,,
RAMCOCEM,,,
RAMCOIND,,,
RAMCOSYS,,,
RAMKY,,,
RAMRAT,,,
RANASUG,,,
RANEENGINE,,,
RANEHOLDIN,,,
RATEGAIN,,,
RATNAMANI,,,
RAYMOND,,,
RBA,,,
RBL,,,
RBLBANK,,,
RCF,,,
RECLTD,,,
REDINGTON,,,
REFEX,,,
REGENCERAM,,,
RELAXO,,,
RELCAPITAL,,,
RELCHEMQ,,,
RELIANCE,,,
RELIGARE,,,
RELINFRA,,,
REMSONSIND,,,
RENUKA,,,
REPCOHOME,,,
REPL,,,
REPRO,,,
RESPONIND,,,
REVATHI,,,
RGL,,,
RHFL,,,
RHIM,,,
RHL,,,
RICOAUTO,,,
RIIL,,,
RITCO,,,
RITES,,,
RKEC,,,
RKFORGE,,,
RML,,,
RNAVAL,,,
ROHLTD,,,
ROLEXRINGS,,,
ROLLT,,,
ROML,,,
ROSSARI,,,
ROSSELLIND,,,
ROTO,,,
ROUTE,,,
RPGLIFE,,,
RPOWER,,,
RPPINFRA,,,
RPPL,,,
RPSGVENT,,,
RSSOFTWARE,,,
RSWM,,,
RSYSTEMS,,,
RTNINDIA,,,
RTNPOWER,,,
RUBYMILLS,,,
RUCHINFRA,,,
RUCHIRA,,,
RUPA,,,
RUSHIL,,,
RUSTOMJEE,,,
RVHL,,,
RVNL,,,
S&SPOWER,,,
SABEVENTS,,,
SABTN,,,
SADBHAV,,,
SADBHIN,,,
SADHNANIQ,,,
SAFARI,,,
SAGARDEEP,,,
SAGCEM,,,
SAH,,,
SAHYADRI,,,
SAIL,,,
SAKAR,,,
SAKHTISUG,,,
SAKSOFT,,,
SAKUMA,,,
SALASAR,,,
SALONA,,,
SALSTEEL,,,
SALZERELEC,,,
SAMBHAAV,,,
SANDESH,,,
SANDHAR,,,
SANGAMIND,,,
SANGHIIND,,,
SANGHVIMOV,,,
SANGINITA,,,
SANOFI,,,
SANSERA,,,
SAPPHIRE,,,
SARDAEN,,,
SAREGAMA,,,
SARLAPOLY,,,
SARVESHWAR,,,
SASKEN,,,
SASTASUNDR,,,
SATIA,,,
SATIN,,,
SATINDLTD,,,
SBC,,,
SBCL,,,
SBGLP,,,
SBICARD,,,
SBILIFE,,,
SBIN,,,
SCAPDVR,,,
SCHAEFFLER,,,
SCHAND,,,
SCHNEIDER,,,
SCI,,,
SCPL,,,
SDBL,,,
SEAMECLTD,,,
SECURCRED,,,
SECURKLOUD,,,
SEJALLTD,,,
SELAN,,,
SELMC,,,
SEPC,,,
SEPOWER,,,
SEQUENT,,,
SERVOTECH,,,
SESHAPAPER,,,
SETCO,,,
SEYAIND,,,
SFL,,,
SGIL,,,
SGL,,,
SHAHALLOYS,,,
SHAILY,,,
SHAKTIPUMP,,,
SHALBY,,,
SHALPAINTS,,,
SHANKARA,,,
SHANTI,,,
SHANTIGEAR,,,
SHARDACROP,,,
SHARDAMOTR,,,
SHAREINDIA,,,
SHEMAROO,,,
SHILPAMED,,,
SHIVALIK,,,
SHIVAMAUTO,,,
SHIVAMILLS,,,
SHIVATEX,,,
SHK,,,
SHOPERSTOP,,,
SHRADHA,,,
SHREDIGCEM,,,
SHREECEM,,,
SHREEPUSHK,,,
SHREERAMA,,,
SHRENIK,,,
SHREYANIND,,,
SHREYAS,,,
SHRIPISTON,,,
SHRIRAMFIN,,,
SHRIRAMPPS,,,
SHYAMCENT,,,
SHYAMMETL,,,
SHYAMTEL,,,
SIEMENS,,,
SIGACHI,,,
SIGIND,,,
SIKKO,,,
SIL,,,
SILGO,,,
SILINV,,,
SILLYMONKS,,,
SILVERTUC,,,
SIMBHALS,,,
SIMPLEXINF,,,
SINTERCOM,,,
SIRCA,,,
SIS,,,
SITINET,,,
SIYSIL,,,
SJS,,,
SJVN,,,
SKFINDIA,,,
SKIPPER,,,
SKMEGGPROD,,,
SKYGOLD,,,
SMARTLINK,,,
SMCGLOBAL,,,
SMLISUZU,,,
SMLT,,,
SMSLIFE,,,
SMSPHARMA,,,
SNOWMAN,,,
SOBHA,,,
SOFTTECH,,,
SOLARA,,,
SOLARINDS,,,
SOMANYCERA,,,
SOMATEX,,,
SOMICONVEY,,,
SONACOMS,,,
SONAMCLOCK,,,
SONATSOFTW,,,
SOTL,,,
SOUTHBANK,,,
SOUTHWEST,,,
SPAL,,,
SPANDANA,,,
SPARC,,,
SPCENET,,,
SPECIALITY,,,
SPENCERS,,,
SPIC,,,
SPLIL,,,
SPLPETRO,,,
SPMLINFRA,,,
SPORTKING,,,
SREEL,,,
SRF,,,
SRHHYPOLTD,,,
SRPL,,,
SSWL,,,
STAR,,,
STARCEMENT,,,
STARHEALTH,,,
STARPAPER,,,
STARTECK,,,
STCINDIA,,,
STEELCAS,,,
STEELCITY,,,
STEELXIND,,,
STEL,,,
STERTOOLS,,,
STLTECH,,,
STOVEKRAFT,,,
STYLAMIND,,,
STYRENIX,,,
SUBEXLTD,,,
SUBROS,,,
SUDARSCHEM,,,
SUKHJITS,,,
SULA,,,
SUMICHEM,,,
SUMIT,,,
SUMMITSEC,,,
SUNCLAYLTD,,,
SUNDARAM,,,
SUNDARMFIN,,,
SUNDARMHLD,,,
SUNDRMBRAK,,,
SUNDRMFAST,,,
SUNFLAG,,,
SUNPHARMA,,,
SUNTECK,,,
SUNTV,,,
SUPERHOUSE,,,
SUPERSPIN,,,
SUPRAJIT,,,
SUPREMEIND,,,
SUPREMEINF,,,
SUPRIYA,,,
SURANASOL,,,
SURANAT&P,,,
SURYALAXMI,,,
SURYAROSNI,,,
SURYODAY,,,
SUTLEJTEX,,,
SUULD,,,
SUVEN,,,
SUVENPHAR,,,
SUVIDHAA,,,
SUZLON,,,
SVLL,,,
SVPGLOB,,,
SWANENERGY,,,
SWARAJENG,,,
SWELECTES,,,
SWSOLAR,,,
SYMPHONY,,,
SYNCOMF,,,
SYNGENE,,,
SYRMA,,,
TAINWALCHM,,,
TAJGVK,,,
TAKE,,,
TALBROAUTO,,,
TANLA,,,
TANTIACONS,,,
TARAPUR,,,
TARC,,,
TARMAT,,,
TARSONS,,,
TASTYBITE,,,
TATACHEM,,,
TATACOFFEE,,,
TATACOMM,,,
TATACONSUM,,,
TATAELXSI,,,
TATAINVEST,,,
TATAMETALI,,,
TATAMOTORS,,,
TATAMTRDVR,,,
TATAPOWER,,,
TATASTEEL,,,
TATASTLLP,,,
TATVA,,,
TBZ,,,
TCI,,,
TCIEXP,,,
TCNSBRANDS,,,
TCPLPACK,,,
TCS,,,
TDPOWERSYS,,,
TEAMLEASE,,,
TECHIN,,,
TECHM,,,
TECHNOE,,,
TECILCHEM,,,
TEGA,,,
TEJASNET,,,
TEMBO,,,
TERASOFT,,,
TEXINFRA,,,
TEXMOPIPES,,,
TEXRAIL,,,
TFCILTD,,,
TFL,,,
TGBHOTELS,,,
THANGAMAYL,,,
THEINVEST,,,
THEMISMED,,,
THERMAX,,,
THOMASCOOK,,,
THOMASCOTT,,,
THYROCARE,,,
TI,,,
TIDEWATER,,,
TIIL,,,
TIINDIA,,,
TIJARIA,,,
TIL,,,
TIMESGTY,,,
TIMETECHNO,,,
TIMKEN,,,
TINPLATE,,,
TIPSFILMS,,,
TIPSINDLTD,,,
TIRUMALCHM,,,
TIRUPATIFL,,,
TITAN,,,
TMB,,,
TNPETRO,,,
TNPL,,,
TNTELE,,,
TOKYOPLAST,,,
TORNTPHARM,,,
TORNTPOWER,,,
TOTAL,,,
TOUCHWOOD,,,
TPLPLASTEH,,,
TRACXN,,,
TREEHOUSE,,,
TREJHARA,,,
TRENT,,,
TRF,,,
TRIDENT,,,
TRIGYN,,,
TRIL,,,
TRITURBINE,,,
TRIVENI,,,
TTKHLTCARE,,,
TTKPRESTIG,,,
TTL,,,
TTML,,,
TV18BRDCST,,,
TVSELECT,,,
TVSMOTOR,,,
TVSSRICHAK,,,
TVTODAY,,,
TVVISION,,,
TWL,,,
UBL,,,
UCALFUEL,,,
UCOBANK,,,
UDAICEMENT,,,
UFLEX,,,
UFO,,,
UGARSUGAR,,,
UGROCAP,,,
UJAAS,,,
UJJIVAN,,,
UJJIVANSFB,,,
ULTRACEMCO,,,
UMAEXPORTS,,,
UMANGDAIRY,,,
UMESLTD,,,
UNICHEMLAB,,,
UNIDT,,,
UNIENTER,,,
UNIINFO,,,
UNIONBANK,,,
UNIPARTS,,,
UNITECH,,,
UNITEDPOLY,,,
UNITEDTEA,,,
UNIVASTU,,,
UNIVCABLES,,,
UNIVPHOTO,,,
UNOMINDA,,,
UPL,,,
URJA,,,
USHAMART,,,
USK,,,
UTIAMC,,,
UTTAMSUGAR,,,
V2RETAIL,,,
VADILALIND,,,
VAIBHAVGBL,,,
VAISHALI,,,
VAKRANGEE,,,
VALIANTORG,,,
VARDHACRLC,,,
VARDMNPOLY,,,
VARROC,,,
VASCONEQ,,,
VASWANI,,,
VBL,,,
VCL,,,
VEDL,,,
VENKEYS,,,
VENUSPIPES,,,
VENUSREM,,,
VERANDA,,,
VERTOZ,,,
VESUVIUS,,,
VETO,,,
VGUARD,,,
VHL,,,
VICEROY,,,
VIDHIING,,,
VIJAYA,,,
VIJIFIN,,,
VIKASECO,,,
VIKASLIFE,,,
VIMTALABS,,,
VINATIORGA,,,
VINDHYATEL,,,
VINEETLAB,,,
VINNY,,,
VINYLINDIA,,,
VIPCLOTHNG,,,
VIPIND,,,
VIPULLTD,,,
VIRINCHI,,,
VISAKAIND,,,
VISASTEEL,,,
VISESHINFO,,,
VISHAL,,,
VISHNU,,,
VISHWARAJ,,,
VIVIDHA,,,
VLSFINANCE,,,
VMART,,,
VOLTAMP,,,
VOLTAS,,,
VRLLOG,,,
VSSL,,,
VSTIND,,,
VSTTILLERS,,,
VTL,,,
WABAG,,,
WALCHANNAG,,,
WANBURY,,,
WATERBASE,,,
WEALTH,,,
WEBELSOLAR,,,
WEIZMANIND,,,
WEL,,,
WELCORP,,,
WELENT,,,
WELINV,,,
WELSPUNIND,,,
WENDT,,,
WESTLIFE,,,
WEWIN,,,
WHEELS,,,
WHIRLPOOL,,,
WILLAMAGOR,,,
WINDLAS,,,
WINDMACHIN,,,
WIPL,,,
WIPRO,,,
WOCKPHARMA,,,
WONDERLA,,,
WORTH,,,
WSI,,,
WSTCSTPAPR,,,
XCHANGING,,,
XELPMOC,,,
XPROINDIA,,,
YAARI,,,
YESBANK,,,
YUKEN,,,
ZEEL,,,
ZEELEARN,,,
ZEEMEDIA,,,
ZENITHEXPO,,,
ZENITHSTL,,,
ZENSARTECH,,,
ZENTEC,,,
ZFCVINDIA,,,
ZIMLAB,,,
ZODIAC,,,
ZODIACLOTH,,,
ZOMATO,,,
ZOTA,,,
ZUARI,,,
ZUARIIND,,,
ZYDUSLIFE,,,
ZYDUSWELL,,,
